label,processors,tasks,workers,runs,seed,best_score,avg_score,elapsed_seconds
dataset_P20_T2000,20,2000,1,1,100001,1014212,1.01421e+06,80.2446
dataset_P20_T2000,20,2000,2,1,100002,1013502,1.0135e+06,107.154
dataset_P20_T2000,20,2000,4,1,100004,1013403,1.0134e+06,103.744
dataset_P20_T2000,20,2000,6,1,100006,1013349,1.01335e+06,115.862
dataset_P20_T2000,20,2000,8,1,100008,1013329,1.01333e+06,100.392
dataset_P20_T2000,20,2000,10,1,100010,1013315,1.01332e+06,110.764
